image_size_720_480/1.jpg,image_size_720_480/1.png
image_size_720_480/10.jpg,image_size_720_480/10.png
image_size_720_480/100.jpg,image_size_720_480/100.png
image_size_720_480/101.jpg,image_size_720_480/101.png
image_size_720_480/102.jpg,image_size_720_480/102.png
image_size_720_480/103.jpg,image_size_720_480/103.png
image_size_720_480/104.jpg,image_size_720_480/104.png
image_size_720_480/105.jpg,image_size_720_480/105.png
image_size_720_480/106.jpg,image_size_720_480/106.png
image_size_720_480/107.jpg,image_size_720_480/107.png
image_size_720_480/108.jpg,image_size_720_480/108.png
image_size_720_480/109.jpg,image_size_720_480/109.png
image_size_720_480/110.jpg,image_size_720_480/110.png
image_size_720_480/111.jpg,image_size_720_480/111.png
image_size_720_480/112.jpg,image_size_720_480/112.png
image_size_720_480/113.jpg,image_size_720_480/113.png
image_size_720_480/114.jpg,image_size_720_480/114.png
image_size_720_480/115.jpg,image_size_720_480/115.png
image_size_720_480/116.jpg,image_size_720_480/116.png
image_size_720_480/117.jpg,image_size_720_480/117.png
image_size_720_480/119.jpg,image_size_720_480/119.png
image_size_720_480/12.jpg,image_size_720_480/12.png
image_size_720_480/120.jpg,image_size_720_480/120.png
image_size_720_480/121.jpg,image_size_720_480/121.png
image_size_720_480/122.jpg,image_size_720_480/122.png
image_size_720_480/123.jpg,image_size_720_480/123.png
image_size_720_480/124.jpg,image_size_720_480/124.png
image_size_720_480/125.jpg,image_size_720_480/125.png
image_size_720_480/126.jpg,image_size_720_480/126.png
image_size_720_480/13.jpg,image_size_720_480/13.png
image_size_720_480/14.jpg,image_size_720_480/14.png
image_size_720_480/15.jpg,image_size_720_480/15.png
image_size_720_480/16.jpg,image_size_720_480/16.png
image_size_720_480/17.jpg,image_size_720_480/17.png
image_size_720_480/18.jpg,image_size_720_480/18.png
image_size_720_480/19.jpg,image_size_720_480/19.png
image_size_720_480/2.jpg,image_size_720_480/2.png
image_size_720_480/20.jpg,image_size_720_480/20.png
image_size_720_480/21.jpg,image_size_720_480/21.png
image_size_720_480/22.jpg,image_size_720_480/22.png
image_size_720_480/23.jpg,image_size_720_480/23.png
image_size_720_480/24.jpg,image_size_720_480/24.png
image_size_720_480/25.jpg,image_size_720_480/25.png
image_size_720_480/26.jpg,image_size_720_480/26.png
image_size_720_480/27.jpg,image_size_720_480/27.png
image_size_720_480/28.jpg,image_size_720_480/28.png
image_size_720_480/29.jpg,image_size_720_480/29.png
image_size_720_480/3.jpg,image_size_720_480/3.png
image_size_720_480/31.jpg,image_size_720_480/31.png
image_size_720_480/32.jpg,image_size_720_480/32.png
image_size_720_480/34.jpg,image_size_720_480/34.png
image_size_720_480/35.jpg,image_size_720_480/35.png
image_size_720_480/36.jpg,image_size_720_480/36.png
image_size_720_480/37.jpg,image_size_720_480/37.png
image_size_720_480/38.jpg,image_size_720_480/38.png
image_size_720_480/39.jpg,image_size_720_480/39.png
image_size_720_480/4.jpg,image_size_720_480/4.png
image_size_720_480/40.jpg,image_size_720_480/40.png
image_size_720_480/41.jpg,image_size_720_480/41.png
image_size_720_480/42.jpg,image_size_720_480/42.png
image_size_720_480/43.jpg,image_size_720_480/43.png
image_size_720_480/44.jpg,image_size_720_480/44.png
image_size_720_480/45.jpg,image_size_720_480/45.png
image_size_720_480/46.jpg,image_size_720_480/46.png
image_size_720_480/47.jpg,image_size_720_480/47.png
image_size_720_480/49.jpg,image_size_720_480/49.png
image_size_720_480/5.jpg,image_size_720_480/5.png
image_size_720_480/50.jpg,image_size_720_480/50.png
image_size_720_480/51.jpg,image_size_720_480/51.png
image_size_720_480/52.jpg,image_size_720_480/52.png
image_size_720_480/53.jpg,image_size_720_480/53.png
image_size_720_480/54.jpg,image_size_720_480/54.png
image_size_720_480/55.jpg,image_size_720_480/55.png
image_size_720_480/56.jpg,image_size_720_480/56.png
image_size_720_480/57.jpg,image_size_720_480/57.png
image_size_720_480/58.jpg,image_size_720_480/58.png
image_size_720_480/59.jpg,image_size_720_480/59.png
image_size_720_480/6.jpg,image_size_720_480/6.png
image_size_720_480/60.jpg,image_size_720_480/60.png
image_size_720_480/61.jpg,image_size_720_480/61.png
image_size_720_480/62.jpg,image_size_720_480/62.png
image_size_720_480/63.jpg,image_size_720_480/63.png
image_size_720_480/64.jpg,image_size_720_480/64.png
image_size_720_480/65.jpg,image_size_720_480/65.png
image_size_720_480/66.jpg,image_size_720_480/66.png
image_size_720_480/67.jpg,image_size_720_480/67.png
image_size_720_480/68.jpg,image_size_720_480/68.png
image_size_720_480/69.jpg,image_size_720_480/69.png
image_size_720_480/7.jpg,image_size_720_480/7.png
image_size_720_480/70.jpg,image_size_720_480/70.png
image_size_720_480/71.jpg,image_size_720_480/71.png
image_size_720_480/72.jpg,image_size_720_480/72.png
image_size_720_480/73.jpg,image_size_720_480/73.png
image_size_720_480/74.jpg,image_size_720_480/74.png
image_size_720_480/75.jpg,image_size_720_480/75.png
image_size_720_480/77.jpg,image_size_720_480/77.png
image_size_720_480/79.jpg,image_size_720_480/79.png
image_size_720_480/8.jpg,image_size_720_480/8.png
image_size_720_480/80.jpg,image_size_720_480/80.png
image_size_720_480/81.jpg,image_size_720_480/81.png
image_size_720_480/82.jpg,image_size_720_480/82.png
image_size_720_480/83.jpg,image_size_720_480/83.png
image_size_720_480/84.jpg,image_size_720_480/84.png
image_size_720_480/85.jpg,image_size_720_480/85.png
image_size_720_480/86.jpg,image_size_720_480/86.png
image_size_720_480/87.jpg,image_size_720_480/87.png
image_size_720_480/88.jpg,image_size_720_480/88.png
image_size_720_480/89.jpg,image_size_720_480/89.png
image_size_720_480/9.jpg,image_size_720_480/9.png
image_size_720_480/90.jpg,image_size_720_480/90.png
image_size_720_480/91.jpg,image_size_720_480/91.png
image_size_720_480/92.jpg,image_size_720_480/92.png
image_size_720_480/93.jpg,image_size_720_480/93.png
image_size_720_480/94.jpg,image_size_720_480/94.png
image_size_720_480/95.jpg,image_size_720_480/95.png
image_size_720_480/96.jpg,image_size_720_480/96.png
image_size_720_480/97.jpg,image_size_720_480/97.png
image_size_720_480/98.jpg,image_size_720_480/98.png
image_size_720_480/99.jpg,image_size_720_480/99.png
